"","y_pred"
"1",3
"2",2
"3",3
"4",3
"5",3
"6",3
"7",2
"8",2
"9",2
"10",2
"11",2
"12",3
"13",3
"14",2
"15",3
"16",3
"17",3
"18",3
"19",2
"20",3
"21",2
"22",3
"23",3
"24",3
"25",2
"26",2
"27",3
"28",2
"29",2
"30",2
"31",3
"32",3
"33",2
"34",2
"35",3
"36",3
"37",2
"38",3
"39",2
"40",3
"41",2
"42",3
"43",2
"44",3
"45",2
"46",2
"47",2
"48",3
"49",3
"50",2
"51",3
"52",2
"53",3
"54",2
"55",2
"56",3
"57",2
"58",2
"59",2
"60",3
"61",3
"62",2
"63",3
"64",2
"65",2
"66",2
"67",3
"68",2
"69",3
"70",3
"71",3
"72",2
"73",2
"74",2
"75",2
"76",3
"77",3
"78",3
"79",3
"80",3
"81",2
"82",3
"83",3
"84",2
"85",3
"86",2
"87",3
"88",3
"89",3
"90",2
"91",2
"92",3
"93",3
"94",3
"95",3
"96",3
"97",2
"98",2
"99",2
"100",2
"101",3
"102",2
"103",2
"104",2
"105",3
"106",3
"107",3
"108",2
"109",3
"110",3
"111",2
"112",3
"113",2
"114",2
"115",3
"116",3
"117",3
"118",2
"119",3
"120",2
"121",3
"122",2
"123",2
"124",3
"125",2
"126",3
"127",2
"128",2
"129",2
"130",2
"131",2
"132",3
"133",2
"134",2
"135",2
"136",3
"137",2
"138",3
"139",2
"140",3
"141",3
"142",2
"143",3
"144",2
"145",3
"146",3
"147",2
"148",3
"149",2
"150",3
"151",3
"152",3
"153",2
"154",3
"155",3
"156",2
"157",3
"158",3
"159",2
"160",3
"161",3
"162",2
"163",2
"164",2
"165",2
"166",3
"167",3
"168",3
"169",3
"170",2
"171",2
"172",2
"173",3
"174",3
"175",2
"176",3
"177",2
"178",2
"179",2
"180",3
"181",3
"182",3
"183",3
"184",2
"185",3
"186",2
"187",3
"188",2
"189",2
"190",3
"191",2
"192",2
"193",2
"194",2
"195",2
"196",3
"197",2
"198",2
"199",2
"200",2
"201",2
"202",2
"203",2
"204",2
"205",2
"206",2
"207",2
"208",2
"209",2
"210",2
"211",3
"212",2
"213",2
"214",2
"215",2
"216",2
"217",2
"218",2
"219",2
"220",3
"221",3
"222",2
"223",2
"224",2
"225",2
"226",2
"227",2
"228",3
"229",3
"230",3
"231",2
"232",2
"233",3
"234",2
"235",2
"236",2
"237",3
"238",2
"239",2
"240",3
"241",2
"242",2
"243",2
"244",3
"245",2
"246",3
"247",3
"248",2
"249",2
"250",3
"251",2
"252",3
"253",3
"254",3
"255",3
"256",2
"257",3
"258",2
"259",2
"260",2
"261",2
"262",3
"263",2
"264",3
"265",2
"266",2
"267",3
"268",2
"269",2
"270",2
"271",3
"272",3
"273",2
"274",3
"275",3
"276",2
"277",3
"278",2
"279",2
"280",3
"281",3
"282",3
"283",3
"284",2
"285",3
"286",2
"287",3
"288",2
"289",2
"290",2
"291",3
"292",2
"293",2
"294",3
"295",2
"296",2
"297",3
"298",3
"299",2
"300",3
"301",3
"302",2
"303",2
"304",3
"305",2
"306",3
"307",2
"308",2
"309",3
"310",3
"311",2
"312",2
"313",3
"314",3
"315",2
"316",2
"317",3
"318",2
"319",2
"320",3
"321",2
"322",3
"323",2
"324",2
"325",3
"326",2
"327",2
"328",2
"329",3
"330",2
"331",3
"332",2
"333",2
"334",3
"335",2
"336",2
"337",3
"338",2
"339",2
"340",3
"341",2
"342",2
"343",2
"344",2
"345",2
"346",3
"347",3
"348",2
"349",3
"350",3
"351",3
"352",3
"353",2
"354",2
"355",3
"356",3
"357",2
"358",2
"359",2
"360",3
"361",2
"362",2
"363",2
"364",2
"365",2
"366",2
"367",2
"368",3
"369",3
"370",3
"371",2
"372",2
"373",3
"374",2
"375",2
"376",3
"377",2
"378",2
"379",3
"380",2
"381",2
"382",3
"383",2
"384",2
"385",2
"386",2
"387",3
"388",2
"389",2
"390",3
"391",2
"392",2
"393",2
"394",3
"395",2
"396",2
"397",3
"398",2
"399",2
"400",2
"401",3
"402",3
"403",2
"404",2
"405",2
"406",3
"407",3
"408",3
"409",3
"410",3
"411",3
"412",2
"413",2
"414",2
"415",2
"416",3
"417",3
"418",3
"419",3
"420",3
"421",2
"422",2
"423",2
"424",3
"425",3
"426",3
"427",2
"428",2
"429",3
"430",2
"431",3
"432",3
"433",2
"434",2
"435",3
"436",2
"437",2
"438",2
"439",2
"440",3
"441",2
"442",3
"443",3
"444",2
"445",2
"446",3
"447",3
"448",3
"449",2
"450",2
"451",2
"452",3
"453",2
"454",2
"455",3
"456",3
"457",2
"458",3
"459",3
"460",3
"461",2
"462",3
"463",3
"464",2
"465",3
"466",3
"467",3
"468",3
"469",2
"470",3
"471",2
"472",3
"473",3
"474",3
"475",3
"476",2
"477",2
"478",2
"479",2
"480",2
"481",3
"482",2
"483",2
"484",2
"485",3
"486",2
"487",2
"488",2
"489",2
"490",3
"491",3
"492",3
"493",2
"494",2
"495",3
"496",2
"497",2
"498",2
"499",2
"500",2
"501",3
"502",3
"503",3
"504",3
"505",2
"506",3
"507",3
"508",3
"509",3
"510",2
"511",3
"512",2
"513",2
"514",3
"515",3
"516",2
"517",2
"518",2
"519",2
"520",3
"521",2
"522",2
"523",3
"524",3
"525",3
"526",3
"527",2
"528",3
"529",2
"530",2
"531",2
"532",2
"533",3
"534",3
"535",3
"536",3
"537",3
"538",3
"539",2
"540",3
"541",2
"542",2
"543",2
"544",2
"545",3
"546",3
"547",2
"548",2
"549",2
"550",3
"551",2
"552",2
"553",2
"554",2
"555",3
"556",2
"557",2
"558",3
"559",3
"560",2
"561",2
"562",3
"563",2
"564",3
"565",3
"566",3
"567",2
"568",3
"569",2
"570",2
"571",2
"572",3
"573",3
"574",2
"575",3
"576",2
"577",3
"578",3
"579",3
"580",3
"581",3
"582",2
"583",3
"584",3
"585",2
"586",3
"587",2
"588",3
"589",3
"590",3
"591",2
"592",3
"593",2
"594",3
"595",2
"596",2
"597",2
"598",2
"599",3
"600",3
"601",2
"602",2
"603",3
"604",2
"605",3
"606",2
"607",3
"608",3
"609",2
"610",3
"611",2
"612",2
"613",2
"614",3
"615",3
"616",2
"617",2
"618",3
"619",2
"620",3
"621",2
"622",3
"623",2
"624",3
"625",2
"626",3
"627",2
"628",3
"629",2
"630",3
"631",3
"632",2
"633",2
"634",2
"635",3
"636",2
"637",2
"638",2
"639",2
"640",3
"641",3
"642",2
"643",3
"644",2
"645",2
"646",2
"647",2
"648",2
"649",3
"650",3
"651",2
"652",2
"653",2
"654",2
"655",2
"656",2
"657",3
"658",3
"659",2
"660",3
"661",3
"662",2
"663",2
"664",2
"665",3
"666",2
"667",2
"668",2
"669",3
"670",3
"671",3
"672",3
"673",3
"674",3
"675",3
"676",2
"677",2
"678",2
"679",2
"680",3
"681",2
"682",2
"683",2
"684",2
"685",2
"686",2
"687",3
"688",2
"689",3
"690",2
"691",3
"692",2
"693",3
"694",3
"695",2
"696",2
"697",2
"698",3
"699",3
"700",2
"701",3
"702",3
"703",3
"704",3
"705",2
"706",2
"707",3
"708",2
"709",2
"710",3
"711",2
"712",2
"713",2
"714",2
"715",3
"716",2
"717",2
"718",2
"719",3
"720",3
"721",2
"722",2
"723",3
"724",3
"725",2
"726",2
"727",3
"728",3
"729",2
"730",2
"731",3
"732",3
"733",3
"734",3
"735",2
"736",2
"737",2
"738",2
"739",2
"740",2
"741",2
"742",3
"743",2
"744",2
"745",2
"746",3
"747",2
"748",2
"749",3
"750",3
"751",2
"752",2
"753",2
"754",2
"755",2
"756",2
"757",3
"758",2
"759",2
"760",3
"761",2
"762",3
"763",2
"764",2
"765",2
"766",3
"767",2
"768",2
"769",3
"770",2
"771",2
"772",3
"773",2
"774",3
"775",2
"776",3
"777",2
"778",3
"779",2
"780",3
"781",3
"782",3
"783",2
"784",2
"785",2
"786",3
"787",2
"788",3
"789",2
"790",2
"791",2
"792",2
"793",3
"794",3
"795",3
"796",3
"797",3
"798",2
"799",2
"800",2
"801",2
"802",3
"803",2
"804",2
"805",2
"806",2
"807",3
"808",3
"809",2
"810",2
"811",2
"812",3
"813",3
"814",2
"815",2
"816",2
"817",3
"818",2
"819",2
"820",2
"821",2
"822",2
"823",2
"824",2
"825",3
"826",2
"827",3
"828",2
"829",2
"830",2
"831",2
"832",3
"833",2
"834",2
"835",3
"836",3
"837",2
"838",3
"839",2
"840",3
"841",3
"842",3
"843",3
"844",2
"845",3
"846",3
"847",2
"848",3
"849",3
"850",2
"851",2
"852",2
"853",2
"854",2
"855",3
"856",3
"857",3
"858",3
"859",2
"860",2
"861",2
"862",3
"863",3
"864",3
"865",2
"866",2
"867",2
"868",3
"869",2
"870",3
"871",2
"872",2
"873",2
"874",2
"875",3
"876",3
"877",3
"878",2
"879",2
"880",2
"881",3
"882",2
"883",2
"884",3
"885",3
"886",2
"887",3
"888",3
"889",2
"890",2
"891",3
"892",2
"893",2
"894",2
"895",2
"896",3
"897",3
"898",3
"899",2
"900",2
"901",2
"902",2
"903",3
"904",2
"905",2
"906",2
"907",2
"908",3
"909",3
"910",3
"911",3
"912",2
"913",3
"914",2
"915",2
"916",2
"917",2
"918",3
"919",3
"920",3
"921",2
"922",2
"923",2
"924",2
"925",2
"926",3
"927",2
"928",2
"929",2
"930",2
"931",3
"932",2
"933",3
"934",3
"935",2
"936",3
"937",3
"938",2
"939",3
"940",2
"941",3
"942",3
"943",2
"944",3
"945",2
"946",3
"947",3
"948",3
"949",3
"950",3
"951",2
"952",3
"953",3
"954",3
"955",3
"956",2
"957",2
"958",3
"959",3
"960",3
"961",2
"962",3
"963",2
"964",3
"965",2
"966",3
"967",2
"968",3
"969",2
"970",2
"971",3
"972",2
"973",3
"974",2
"975",3
"976",3
"977",2
"978",2
"979",3
"980",2
"981",2
"982",3
"983",2
"984",2
"985",3
"986",3
"987",3
"988",3
"989",3
"990",3
"991",2
"992",3
"993",2
"994",3
"995",3
"996",2
"997",2
"998",2
"999",3
"1000",3
"1001",2
"1002",3
"1003",2
"1004",3
"1005",2
"1006",3
"1007",2
"1008",3
"1009",2
"1010",3
"1011",3
"1012",3
"1013",2
"1014",2
"1015",3
"1016",2
"1017",2
"1018",2
"1019",2
"1020",3
"1021",3
"1022",3
"1023",3
"1024",3
"1025",3
"1026",2
"1027",3
"1028",3
"1029",2
"1030",3
"1031",3
"1032",2
"1033",2
"1034",2
"1035",2
"1036",3
"1037",2
"1038",2
"1039",3
"1040",3
"1041",3
"1042",2
"1043",3
"1044",2
"1045",2
"1046",3
"1047",2
"1048",2
"1049",3
"1050",3
"1051",2
"1052",2
"1053",2
"1054",3
"1055",3
"1056",2
"1057",2
"1058",2
"1059",3
"1060",3
"1061",3
"1062",3
"1063",3
"1064",3
"1065",3
"1066",2
"1067",3
"1068",2
"1069",2
"1070",3
"1071",2
"1072",2
"1073",2
"1074",2
"1075",3
"1076",2
"1077",3
"1078",2
"1079",2
"1080",2
"1081",2
"1082",2
"1083",3
"1084",3
"1085",2
"1086",2
"1087",2
"1088",2
"1089",2
"1090",3
"1091",3
"1092",2
"1093",3
"1094",3
"1095",3
"1096",3
"1097",3
"1098",3
"1099",3
"1100",3
"1101",2
"1102",2
"1103",2
"1104",2
"1105",2
"1106",3
"1107",3
"1108",2
"1109",3
"1110",2
"1111",2
"1112",3
"1113",2
"1114",2
"1115",2
"1116",3
"1117",2
"1118",2
"1119",2
"1120",2
"1121",3
"1122",2
"1123",2
"1124",3
"1125",3
"1126",3
"1127",3
"1128",2
"1129",3
"1130",2
"1131",2
"1132",3
"1133",3
"1134",2
"1135",3
"1136",3
"1137",2
"1138",2
"1139",3
"1140",2
"1141",3
"1142",2
"1143",3
"1144",2
"1145",3
"1146",2
"1147",3
"1148",3
"1149",2
"1150",2
"1151",2
"1152",2
"1153",2
"1154",3
"1155",2
"1156",3
"1157",3
"1158",3
"1159",3
"1160",2
"1161",2
"1162",2
"1163",2
"1164",3
"1165",3
"1166",2
"1167",2
"1168",3
"1169",3
"1170",3
"1171",2
"1172",2
"1173",2
"1174",2
"1175",2
"1176",2
"1177",3
"1178",2
"1179",3
"1180",2
"1181",3
"1182",3
"1183",3
"1184",3
"1185",3
"1186",3
"1187",3
"1188",3
"1189",2
"1190",2
"1191",3
"1192",2
"1193",2
"1194",2
"1195",3
"1196",3
"1197",2
"1198",3
"1199",3
"1200",3
"1201",3
"1202",2
"1203",3
"1204",2
"1205",2
"1206",3
"1207",3
"1208",3
"1209",3
"1210",2
"1211",2
"1212",3
"1213",2
"1214",2
"1215",2
"1216",2
"1217",3
"1218",2
"1219",2
"1220",3
"1221",3
"1222",2
"1223",2
"1224",2
"1225",2
"1226",2
"1227",2
"1228",2
"1229",2
"1230",3
"1231",3
"1232",3
"1233",2
"1234",3
"1235",2
"1236",2
"1237",3
"1238",2
"1239",3
"1240",2
"1241",3
"1242",2
"1243",2
"1244",2
"1245",3
"1246",3
"1247",2
"1248",3
"1249",3
"1250",2
"1251",2
"1252",2
"1253",2
"1254",3
"1255",2
"1256",3
"1257",2
"1258",2
"1259",3
"1260",3
"1261",3
"1262",2
"1263",2
"1264",3
"1265",2
"1266",2
"1267",2
"1268",3
"1269",3
"1270",2
"1271",2
"1272",2
"1273",3
"1274",3
"1275",3
"1276",3
"1277",2
"1278",2
"1279",2
"1280",3
"1281",3
"1282",2
"1283",2
"1284",3
"1285",2
"1286",3
"1287",2
"1288",3
"1289",3
"1290",2
"1291",3
"1292",3
"1293",3
"1294",2
"1295",3
"1296",3
"1297",2
"1298",3
"1299",2
"1300",2
"1301",2
"1302",3
"1303",3
"1304",2
"1305",3
"1306",2
"1307",2
"1308",3
"1309",2
"1310",3
"1311",2
"1312",2
"1313",2
"1314",3
"1315",3
"1316",3
"1317",2
"1318",3
"1319",2
"1320",2
"1321",3
"1322",3
"1323",3
"1324",3
"1325",2
"1326",3
"1327",2
"1328",2
"1329",3
"1330",2
"1331",2
"1332",2
"1333",2
"1334",2
"1335",2
"1336",2
"1337",3
"1338",2
"1339",3
"1340",2
"1341",3
"1342",2
"1343",2
"1344",2
"1345",2
"1346",3
"1347",3
"1348",2
"1349",2
"1350",2
"1351",2
"1352",3
"1353",2
"1354",2
"1355",3
"1356",2
"1357",2
"1358",3
"1359",2
"1360",3
"1361",3
"1362",2
"1363",3
"1364",2
"1365",2
"1366",3
"1367",3
"1368",2
"1369",2
"1370",2
"1371",2
"1372",2
"1373",2
"1374",2
"1375",2
"1376",2
"1377",2
"1378",3
"1379",3
"1380",3
"1381",3
"1382",3
"1383",3
"1384",3
"1385",3
"1386",2
"1387",3
"1388",3
"1389",3
"1390",2
"1391",2
"1392",3
"1393",2
"1394",2
"1395",2
"1396",2
"1397",2
"1398",2
"1399",2
"1400",3
"1401",3
"1402",2
"1403",3
"1404",3
"1405",2
"1406",3
"1407",3
"1408",2
"1409",3
"1410",2
"1411",2
"1412",2
"1413",3
"1414",3
"1415",3
"1416",2
"1417",2
"1418",3
"1419",2
"1420",3
"1421",3
"1422",3
"1423",3
"1424",3
"1425",3
"1426",3
"1427",3
"1428",2
"1429",2
"1430",3
"1431",3
"1432",2
"1433",2
"1434",2
"1435",3
"1436",3
"1437",3
"1438",2
"1439",3
"1440",3
"1441",2
"1442",2
"1443",2
"1444",2
"1445",2
"1446",2
"1447",3
"1448",3
"1449",3
"1450",3
"1451",3
"1452",2
"1453",3
"1454",2
"1455",2
"1456",2
"1457",2
"1458",2
"1459",3
"1460",2
"1461",2
"1462",3
"1463",3
"1464",2
"1465",2
"1466",2
"1467",3
"1468",3
"1469",2
"1470",2
"1471",2
"1472",2
"1473",3
"1474",2
"1475",2
"1476",2
"1477",2
"1478",3
"1479",2
"1480",3
"1481",3
"1482",3
"1483",3
"1484",2
"1485",2
"1486",3
"1487",2
"1488",3
"1489",2
"1490",3
"1491",2
"1492",2
"1493",3
"1494",2
"1495",2
"1496",3
"1497",3
"1498",3
"1499",3
"1500",3
"1501",3
"1502",2
"1503",3
"1504",3
"1505",2
"1506",3
"1507",2
"1508",2
"1509",2
"1510",2
"1511",3
"1512",3
"1513",2
"1514",2
"1515",2
"1516",2
"1517",2
"1518",2
"1519",2
"1520",2
"1521",3
"1522",3
"1523",3
"1524",2
"1525",3
"1526",3
"1527",2
"1528",3
"1529",3
"1530",2
"1531",3
"1532",2
"1533",2
"1534",3
"1535",3
"1536",2
"1537",3
"1538",2
"1539",3
"1540",2
"1541",2
"1542",3
"1543",3
"1544",3
"1545",2
"1546",2
"1547",2
"1548",3
"1549",3
"1550",3
"1551",2
"1552",2
"1553",3
"1554",3
"1555",2
"1556",3
"1557",3
"1558",2
"1559",2
"1560",2
"1561",2
"1562",3
"1563",3
"1564",3
"1565",3
"1566",3
"1567",3
"1568",3
"1569",3
"1570",2
"1571",2
"1572",2
"1573",2
"1574",3
"1575",3
"1576",2
"1577",2
"1578",3
"1579",3
"1580",2
"1581",2
"1582",3
"1583",3
"1584",2
"1585",3
"1586",2
"1587",3
"1588",2
"1589",2
"1590",3
"1591",3
"1592",3
"1593",2
"1594",2
"1595",2
"1596",2
"1597",2
"1598",2
"1599",3
"1600",3
"1601",3
"1602",2
"1603",2
"1604",2
"1605",2
"1606",2
"1607",2
"1608",2
"1609",2
"1610",2
"1611",2
"1612",2
"1613",3
"1614",2
"1615",2
"1616",2
"1617",3
"1618",2
"1619",3
"1620",3
"1621",2
"1622",2
"1623",2
"1624",2
"1625",2
"1626",3
"1627",3
"1628",2
"1629",3
"1630",2
"1631",3
"1632",3
"1633",3
"1634",3
"1635",2
"1636",2
"1637",3
"1638",2
"1639",2
"1640",2
"1641",3
"1642",2
"1643",2
"1644",2
"1645",2
"1646",2
"1647",2
"1648",2
"1649",2
"1650",3
"1651",3
"1652",3
"1653",3
"1654",3
"1655",2
"1656",2
"1657",3
"1658",3
"1659",2
"1660",3
"1661",3
"1662",2
"1663",3
"1664",2
"1665",2
"1666",3
"1667",3
"1668",2
"1669",2
"1670",3
"1671",3
"1672",3
"1673",2
"1674",2
"1675",2
"1676",3
"1677",3
"1678",2
"1679",3
"1680",2
"1681",3
"1682",2
"1683",3
"1684",2
"1685",2
"1686",3
"1687",2
"1688",3
"1689",2
"1690",2
"1691",2
"1692",2
"1693",2
"1694",2
"1695",3
"1696",3
"1697",2
"1698",3
"1699",3
"1700",3
"1701",2
"1702",3
"1703",3
"1704",3
"1705",2
"1706",2
"1707",3
"1708",3
"1709",3
"1710",2
"1711",2
"1712",3
"1713",2
"1714",2
"1715",3
"1716",3
"1717",3
"1718",3
"1719",3
"1720",3
"1721",3
"1722",2
"1723",3
"1724",3
"1725",2
"1726",3
"1727",3
"1728",3
"1729",2
"1730",3
"1731",2
"1732",2
"1733",2
"1734",2
"1735",2
"1736",3
"1737",3
"1738",3
"1739",3
"1740",2
"1741",2
"1742",2
"1743",3
"1744",2
"1745",3
"1746",3
"1747",2
"1748",3
"1749",3
"1750",3
"1751",2
"1752",3
"1753",3
"1754",2
"1755",2
"1756",2
"1757",3
"1758",3
"1759",2
"1760",2
"1761",2
"1762",2
"1763",3
"1764",3
"1765",2
"1766",3
"1767",3
"1768",2
"1769",3
"1770",3
"1771",3
"1772",3
"1773",3
"1774",3
"1775",2
"1776",3
"1777",2
"1778",2
"1779",2
"1780",2
"1781",3
"1782",2
"1783",2
"1784",2
"1785",3
"1786",2
"1787",2
"1788",2
"1789",3
"1790",3
"1791",3
"1792",2
"1793",2
"1794",2
"1795",2
"1796",2
"1797",2
"1798",2
"1799",2
"1800",2
"1801",3
"1802",2
"1803",3
"1804",2
"1805",2
"1806",2
"1807",3
"1808",2
"1809",3
"1810",3
"1811",3
"1812",3
"1813",2
"1814",3
"1815",2
"1816",3
"1817",2
"1818",2
"1819",2
"1820",3
"1821",2
"1822",2
"1823",2
"1824",3
"1825",3
"1826",2
"1827",3
"1828",3
"1829",3
"1830",3
"1831",3
"1832",3
"1833",2
"1834",2
"1835",2
"1836",2
"1837",2
"1838",2
"1839",3
"1840",3
"1841",2
"1842",3
"1843",2
"1844",2
"1845",2
"1846",2
"1847",3
"1848",3
"1849",2
"1850",2
"1851",2
"1852",2
"1853",3
"1854",3
"1855",2
"1856",2
"1857",3
"1858",2
"1859",3
"1860",2
"1861",2
"1862",2
"1863",2
"1864",3
"1865",2
"1866",3
"1867",3
"1868",3
"1869",2
"1870",3
"1871",2
"1872",2
"1873",3
"1874",3
"1875",2
"1876",2
"1877",3
"1878",3
"1879",2
"1880",2
"1881",3
"1882",2
"1883",2
"1884",3
"1885",2
"1886",2
"1887",2
"1888",2
"1889",3
"1890",2
"1891",3
"1892",2
"1893",2
"1894",2
"1895",3
"1896",3
"1897",3
"1898",2
"1899",3
"1900",2
"1901",3
"1902",3
"1903",2
"1904",3
"1905",2
"1906",2
"1907",3
"1908",2
"1909",3
"1910",2
"1911",2
"1912",2
"1913",2
"1914",3
"1915",2
"1916",3
"1917",2
"1918",3
"1919",2
"1920",2
"1921",3
"1922",2
"1923",3
"1924",2
"1925",2
"1926",2
"1927",2
"1928",3
"1929",2
"1930",3
"1931",3
"1932",2
"1933",3
"1934",3
"1935",2
"1936",3
"1937",2
"1938",3
"1939",2
"1940",3
"1941",2
"1942",2
"1943",2
"1944",2
"1945",2
"1946",2
"1947",3
"1948",2
"1949",2
"1950",2
"1951",2
"1952",3
"1953",2
"1954",2
"1955",2
"1956",3
"1957",3
"1958",3
"1959",2
"1960",2
"1961",3
"1962",3
"1963",2
"1964",3
"1965",3
"1966",2
"1967",3
"1968",3
"1969",2
"1970",2
"1971",3
"1972",2
"1973",2
"1974",3
"1975",3
"1976",3
"1977",3
"1978",3
"1979",3
"1980",3
"1981",2
"1982",2
"1983",3
"1984",3
"1985",2
"1986",2
"1987",3
"1988",2
"1989",2
"1990",3
"1991",2
"1992",3
"1993",2
"1994",3
"1995",3
"1996",2
"1997",2
"1998",3
"1999",2
"2000",2
"2001",2
"2002",3
"2003",2
"2004",2
"2005",2
"2006",2
"2007",2
"2008",2
"2009",2
"2010",3
"2011",2
"2012",3
"2013",2
"2014",2
"2015",3
"2016",2
"2017",3
"2018",3
"2019",2
"2020",2
"2021",2
"2022",3
"2023",3
"2024",3
"2025",3
"2026",3
"2027",3
"2028",3
"2029",2
"2030",2
"2031",3
"2032",3
"2033",2
"2034",2
"2035",2
"2036",2
"2037",2
"2038",2
"2039",2
"2040",3
"2041",3
"2042",2
"2043",3
"2044",3
"2045",3
"2046",2
"2047",2
"2048",2
"2049",3
"2050",2
"2051",2
"2052",2
"2053",3
"2054",2
"2055",2
"2056",2
"2057",3
"2058",2
"2059",2
"2060",2
"2061",3
"2062",3
"2063",3
"2064",2
"2065",2
"2066",2
"2067",2
"2068",2
"2069",3
"2070",2
"2071",2
"2072",3
"2073",2
"2074",2
"2075",3
"2076",3
"2077",3
"2078",3
"2079",3
"2080",3
"2081",2
"2082",2
"2083",3
"2084",3
"2085",2
"2086",2
"2087",2
"2088",2
"2089",3
"2090",2
"2091",2
"2092",3
"2093",2
"2094",3
"2095",2
"2096",2
"2097",3
"2098",2
"2099",2
"2100",3
"2101",3
"2102",2
"2103",2
"2104",2
"2105",2
"2106",2
"2107",3
"2108",2
"2109",2
"2110",2
"2111",3
"2112",2
"2113",2
"2114",3
"2115",2
"2116",2
"2117",3
"2118",2
"2119",2
"2120",3
"2121",3
"2122",3
"2123",2
"2124",2
"2125",3
"2126",2
"2127",2
"2128",2
"2129",2
"2130",2
"2131",3
"2132",2
"2133",2
"2134",2
"2135",3
"2136",2
"2137",2
"2138",2
"2139",3
"2140",3
"2141",3
"2142",3
"2143",2
"2144",3
"2145",3
"2146",2
"2147",2
"2148",3
"2149",2
"2150",3
"2151",3
"2152",3
"2153",3
"2154",3
"2155",2
"2156",3
"2157",3
"2158",2
"2159",2
"2160",3
"2161",2
"2162",2
"2163",3
"2164",3
"2165",3
"2166",3
"2167",3
"2168",2
"2169",3
"2170",3
"2171",3
"2172",2
"2173",2
"2174",3
"2175",3
"2176",2
"2177",2
"2178",3
"2179",2
"2180",2
"2181",2
"2182",3
"2183",2
"2184",3
"2185",2
"2186",2
"2187",3
"2188",3
"2189",2
"2190",2
"2191",2
"2192",2
"2193",2
"2194",3
"2195",2
"2196",3
"2197",3
"2198",3
"2199",2
"2200",3
"2201",3
"2202",3
"2203",2
"2204",3
"2205",3
"2206",3
"2207",2
"2208",3
"2209",2
"2210",2
"2211",3
"2212",3
"2213",2
"2214",3
"2215",2
"2216",2
"2217",2
"2218",3
"2219",3
"2220",2
"2221",3
"2222",3
"2223",2
"2224",2
"2225",2
"2226",3
"2227",2
"2228",2
"2229",2
"2230",3
"2231",2
"2232",2
"2233",3
"2234",3
"2235",3
"2236",2
"2237",2
"2238",3
"2239",2
"2240",2
"2241",2
"2242",2
"2243",2
"2244",3
"2245",3
"2246",2
"2247",2
"2248",3
"2249",2
"2250",2
"2251",2
"2252",3
"2253",2
"2254",3
"2255",2
"2256",3
"2257",2
"2258",2
"2259",2
"2260",3
"2261",2
"2262",3
"2263",2
"2264",2
"2265",2
"2266",3
"2267",3
"2268",2
"2269",3
"2270",2
"2271",2
"2272",3
"2273",2
"2274",3
"2275",2
"2276",2
"2277",2
"2278",2
"2279",3
"2280",3
"2281",3
"2282",2
"2283",3
"2284",2
"2285",2
"2286",2
"2287",3
"2288",2
"2289",3
"2290",2
"2291",3
"2292",2
"2293",3
"2294",3
"2295",2
"2296",3
"2297",3
"2298",2
"2299",3
"2300",3
"2301",2
"2302",2
"2303",2
"2304",2
"2305",3
"2306",2
"2307",2
"2308",2
"2309",3
"2310",3
"2311",2
"2312",2
"2313",2
"2314",2
"2315",2
"2316",2
"2317",3
"2318",2
"2319",2
"2320",3
"2321",2
"2322",3
"2323",3
"2324",3
"2325",3
"2326",3
"2327",2
"2328",3
"2329",2
"2330",2
"2331",3
"2332",2
"2333",3
"2334",3
"2335",2
"2336",3
"2337",3
"2338",3
"2339",2
"2340",3
"2341",2
"2342",3
"2343",3
"2344",3
"2345",2
"2346",2
"2347",2
"2348",3
"2349",2
"2350",2
"2351",2
"2352",3
"2353",2
"2354",3
"2355",2
"2356",2
"2357",2
"2358",2
"2359",2
"2360",3
"2361",2
"2362",2
"2363",2
"2364",2
"2365",2
"2366",3
"2367",2
"2368",3
"2369",3
"2370",2
"2371",2
"2372",3
"2373",2
"2374",2
"2375",2
"2376",3
"2377",2
"2378",3
"2379",3
"2380",2
"2381",2
"2382",3
"2383",2
"2384",2
"2385",2
"2386",2
"2387",3
"2388",2
"2389",3
"2390",2
"2391",3
"2392",2
"2393",3
"2394",2
"2395",2
"2396",2
"2397",2
"2398",2
"2399",3
"2400",2
"2401",2
"2402",3
"2403",2
"2404",3
"2405",2
"2406",2
"2407",3
"2408",3
"2409",2
"2410",3
"2411",2
"2412",2
"2413",3
"2414",3
"2415",3
"2416",3
"2417",2
"2418",3
"2419",2
"2420",2
"2421",2
"2422",2
"2423",2
"2424",3
"2425",2
"2426",3
"2427",3
"2428",2
"2429",2
"2430",2
"2431",3
"2432",2
"2433",2
"2434",3
"2435",2
"2436",3
"2437",3
"2438",2
"2439",2
"2440",2
"2441",2
"2442",3
"2443",3
"2444",2
"2445",2
"2446",2
"2447",3
"2448",2
"2449",2
"2450",3
"2451",2
"2452",3
"2453",2
"2454",2
"2455",3
"2456",3
"2457",3
"2458",3
"2459",2
"2460",3
"2461",3
"2462",2
"2463",2
"2464",2
"2465",2
"2466",2
"2467",2
"2468",2
"2469",3
"2470",2
"2471",2
"2472",2
"2473",2
"2474",3
"2475",3
"2476",3
"2477",3
"2478",2
"2479",3
"2480",2
"2481",2
"2482",3
"2483",2
"2484",2
"2485",3
"2486",3
"2487",3
"2488",3
"2489",3
"2490",2
"2491",3
"2492",2
"2493",2
"2494",3
"2495",3
"2496",2
"2497",3
"2498",3
"2499",3
"2500",2
"2501",2
"2502",2
"2503",3
"2504",3
"2505",3
"2506",3
"2507",2
"2508",3
"2509",2
"2510",2
"2511",3
"2512",3
"2513",2
"2514",3
"2515",2
"2516",3
"2517",2
"2518",2
"2519",3
"2520",2
"2521",3
"2522",2
"2523",3
"2524",2
"2525",3
"2526",2
"2527",2
"2528",3
"2529",2
"2530",2
"2531",3
"2532",2
"2533",3
"2534",2
"2535",2
"2536",2
"2537",2
"2538",3
"2539",2
"2540",2
"2541",2
"2542",2
"2543",2
"2544",3
"2545",2
"2546",2
"2547",2
"2548",3
"2549",2
"2550",2
"2551",2
"2552",2
"2553",2
"2554",3
"2555",3
"2556",2
"2557",2
"2558",3
"2559",3
"2560",2
"2561",2
"2562",3
"2563",2
"2564",3
"2565",2
"2566",3
"2567",2
"2568",2
"2569",2
"2570",2
"2571",2
"2572",2
"2573",3
"2574",2
"2575",3
"2576",3
"2577",3
"2578",3
"2579",3
"2580",3
"2581",2
"2582",3
"2583",3
"2584",3
"2585",2
"2586",3
"2587",2
"2588",2
"2589",2
"2590",3
"2591",3
"2592",3
"2593",2
"2594",2
"2595",3
"2596",2
"2597",2
"2598",3
"2599",2
"2600",3
"2601",3
"2602",3
"2603",2
"2604",3
"2605",2
"2606",2
"2607",2
"2608",3
"2609",3
"2610",2
"2611",2
"2612",3
"2613",2
"2614",2
"2615",2
"2616",2
"2617",2
"2618",2
"2619",2
"2620",2
"2621",2
"2622",3
"2623",2
"2624",2
"2625",2
"2626",2
"2627",3
"2628",3
"2629",3
"2630",3
"2631",2
"2632",3
"2633",2
"2634",2
"2635",2
"2636",2
"2637",2
"2638",2
"2639",3
"2640",3
"2641",3
"2642",2
"2643",3
"2644",3
"2645",3
"2646",3
"2647",2
"2648",2
"2649",3
"2650",3
"2651",3
"2652",3
"2653",3
"2654",2
"2655",3
"2656",3
"2657",2
"2658",2
"2659",2
"2660",3
"2661",2
"2662",3
"2663",2
"2664",3
"2665",3
"2666",2
"2667",3
"2668",3
"2669",3
"2670",3
"2671",3
"2672",3
"2673",2
"2674",2
"2675",3
"2676",3
"2677",3
"2678",2
"2679",2
"2680",2
"2681",2
"2682",2
"2683",2
"2684",3
"2685",2
"2686",2
"2687",3
"2688",2
"2689",2
"2690",2
"2691",2
"2692",2
"2693",3
"2694",3
"2695",3
"2696",3
"2697",3
"2698",2
"2699",2
"2700",2
"2701",2
"2702",2
"2703",3
"2704",3
"2705",3
"2706",2
"2707",3
"2708",2
"2709",2
"2710",3
"2711",3
"2712",2
"2713",2
"2714",3
"2715",3
"2716",2
"2717",3
"2718",2
"2719",3
"2720",2
"2721",2
"2722",3
"2723",2
"2724",2
"2725",3
"2726",2
"2727",3
"2728",2
"2729",2
"2730",3
"2731",3
"2732",2
"2733",2
"2734",2
"2735",2
"2736",3
"2737",2
"2738",3
"2739",2
"2740",2
"2741",2
"2742",2
"2743",2
"2744",3
"2745",3
"2746",2
"2747",3
"2748",2
"2749",3
"2750",2
"2751",3
"2752",3
"2753",3
"2754",2
"2755",3
"2756",2
"2757",2
"2758",3
"2759",3
"2760",2
"2761",3
"2762",3
"2763",2
"2764",2
"2765",3
"2766",3
"2767",2
"2768",3
"2769",3
"2770",3
"2771",2
"2772",3
"2773",2
"2774",2
"2775",3
"2776",2
"2777",3
"2778",3
"2779",2
"2780",2
"2781",2
"2782",2
"2783",3
"2784",3
"2785",3
"2786",2
"2787",3
"2788",2
"2789",3
"2790",3
"2791",2
"2792",2
"2793",3
"2794",3
"2795",2
"2796",3
"2797",2
"2798",2
"2799",2
"2800",3
"2801",3
"2802",3
"2803",2
"2804",2
"2805",2
"2806",3
"2807",3
"2808",2
"2809",3
"2810",2
"2811",3
"2812",2
"2813",3
"2814",2
"2815",2
"2816",2
"2817",3
"2818",2
"2819",3
"2820",2
"2821",3
"2822",3
"2823",3
"2824",3
"2825",3
"2826",3
"2827",3
"2828",2
"2829",2
"2830",2
"2831",3
"2832",2
"2833",2
"2834",2
"2835",2
"2836",3
"2837",2
"2838",2
"2839",2
"2840",2
"2841",2
"2842",2
"2843",2
"2844",2
"2845",2
"2846",3
"2847",2
"2848",2
"2849",2
"2850",2
"2851",2
"2852",3
"2853",3
"2854",2
"2855",2
"2856",3
"2857",3
"2858",3
"2859",3
"2860",3
"2861",2
"2862",3
"2863",3
"2864",2
"2865",3
"2866",3
"2867",2
"2868",2
"2869",2
"2870",2
"2871",2
"2872",2
"2873",3
"2874",2
"2875",3
"2876",3
"2877",3
"2878",3
"2879",2
"2880",2
"2881",3
"2882",2
"2883",2
"2884",2
"2885",2
"2886",3
"2887",2
"2888",2
"2889",2
"2890",2
"2891",2
"2892",2
"2893",2
"2894",3
"2895",3
"2896",3
"2897",2
"2898",2
"2899",2
"2900",3
"2901",2
"2902",3
"2903",3
"2904",3
"2905",3
"2906",3
"2907",2
"2908",3
"2909",2
"2910",2
"2911",3
"2912",3
"2913",3
"2914",2
"2915",3
"2916",2
"2917",3
"2918",2
"2919",2
"2920",3
"2921",3
"2922",2
"2923",2
"2924",2
"2925",3
"2926",3
"2927",2
"2928",2
"2929",2
"2930",2
"2931",3
"2932",2
"2933",2
"2934",2
"2935",3
"2936",3
"2937",2
"2938",3
"2939",3
"2940",2
"2941",2
"2942",2
"2943",2
"2944",2
"2945",2
"2946",3
"2947",2
"2948",3
"2949",3
"2950",2
"2951",3
"2952",3
"2953",2
"2954",3
"2955",2
"2956",3
"2957",2
"2958",2
"2959",3
"2960",2
"2961",3
"2962",3
"2963",2
"2964",2
"2965",2
"2966",3
"2967",2
"2968",2
"2969",3
"2970",2
"2971",3
"2972",3
"2973",3
"2974",3
"2975",3
"2976",3
"2977",2
"2978",3
"2979",2
"2980",3
"2981",3
"2982",3
"2983",2
"2984",2
"2985",2
"2986",2
"2987",2
"2988",3
"2989",3
"2990",3
"2991",3
"2992",2
"2993",2
"2994",3
"2995",3
"2996",2
"2997",2
"2998",2
"2999",3
"3000",2
"3001",2
"3002",2
"3003",2
"3004",2
"3005",2
"3006",3
"3007",2
"3008",2
"3009",2
"3010",3
"3011",3
"3012",2
"3013",2
"3014",2
"3015",2
"3016",3
"3017",2
"3018",3
"3019",3
"3020",3
"3021",2
"3022",2
"3023",2
"3024",2
"3025",2
"3026",2
"3027",2
"3028",2
"3029",2
"3030",2
"3031",2
"3032",3
"3033",2
"3034",3
"3035",2
"3036",2
"3037",3
"3038",3
"3039",3
"3040",2
"3041",2
"3042",2
"3043",3
"3044",2
"3045",2
"3046",3
"3047",3
"3048",3
"3049",3
"3050",2
"3051",2
"3052",3
"3053",2
"3054",2
"3055",3
"3056",2
"3057",3
"3058",2
"3059",2
"3060",3
"3061",2
"3062",2
"3063",3
"3064",2
"3065",2
"3066",3
"3067",2
"3068",2
"3069",3
"3070",3
"3071",3
"3072",2
"3073",2
"3074",2
"3075",2
"3076",3
"3077",2
"3078",2
"3079",3
"3080",3
"3081",2
"3082",2
"3083",3
"3084",2
"3085",2
"3086",3
"3087",3
"3088",3
"3089",3
"3090",3
"3091",2
"3092",3
"3093",3
"3094",2
"3095",2
"3096",2
"3097",3
"3098",2
"3099",2
"3100",2
"3101",2
"3102",2
"3103",3
"3104",3
"3105",2
"3106",2
"3107",3
"3108",3
"3109",3
"3110",2
"3111",3
"3112",3
"3113",2
"3114",2
"3115",2
"3116",2
"3117",2
"3118",3
"3119",2
"3120",2
"3121",3
"3122",2
"3123",3
"3124",2
"3125",3
"3126",2
"3127",3
"3128",2
"3129",3
"3130",2
"3131",2
"3132",3
"3133",3
"3134",2
"3135",3
"3136",3
"3137",3
"3138",3
"3139",2
"3140",2
"3141",3
"3142",2
"3143",2
"3144",3
"3145",2
"3146",2
"3147",2
"3148",3
"3149",3
"3150",3
"3151",3
"3152",3
"3153",2
"3154",2
"3155",3
"3156",3
"3157",3
"3158",2
"3159",2
"3160",3
"3161",3
"3162",2
"3163",2
"3164",2
"3165",2
"3166",2
"3167",2
"3168",3
"3169",3
"3170",2
"3171",2
"3172",3
"3173",3
"3174",3
"3175",3
"3176",3
"3177",3
"3178",2
"3179",2
"3180",3
"3181",2
"3182",3
"3183",2
"3184",2
"3185",2
"3186",2
"3187",3
"3188",3
"3189",2
"3190",3
"3191",2
"3192",2
"3193",2
"3194",2
"3195",3
"3196",3
"3197",3
"3198",2
"3199",2
"3200",2
"3201",3
"3202",3
"3203",2
"3204",2
"3205",3
"3206",3
"3207",3
"3208",3
"3209",2
"3210",2
"3211",2
"3212",3
"3213",3
"3214",2
"3215",3
"3216",2
"3217",2
"3218",2
"3219",2
"3220",3
"3221",2
"3222",2
"3223",2
"3224",3
"3225",3
"3226",2
"3227",3
"3228",2
"3229",2
"3230",2
"3231",3
"3232",2
"3233",2
"3234",2
"3235",2
"3236",2
"3237",2
"3238",2
"3239",2
"3240",3
"3241",2
"3242",2
"3243",2
"3244",3
"3245",2
"3246",2
"3247",2
"3248",2
"3249",2
"3250",2
"3251",2
"3252",2
"3253",2
"3254",2
"3255",3
"3256",3
"3257",3
"3258",3
"3259",2
"3260",3
"3261",3
"3262",2
"3263",3
"3264",2
"3265",3
"3266",3
"3267",2
"3268",3
"3269",2
"3270",3
"3271",2
"3272",3
"3273",2
"3274",3
"3275",2
"3276",3
"3277",3
"3278",3
"3279",3
"3280",3
"3281",2
"3282",3
"3283",2
"3284",2
"3285",2
"3286",2
"3287",3
"3288",3
"3289",2
"3290",2
"3291",2
"3292",2
"3293",3
"3294",2
"3295",3
"3296",3
"3297",3
"3298",2
"3299",3
"3300",2
"3301",2
"3302",3
"3303",2
"3304",2
"3305",2
"3306",2
"3307",2
"3308",3
"3309",2
"3310",2
"3311",2
"3312",2
"3313",2
"3314",3
"3315",3
"3316",3
"3317",3
"3318",2
"3319",2
"3320",3
"3321",2
"3322",3
"3323",3
"3324",3
"3325",2
"3326",3
"3327",3
"3328",3
"3329",2
"3330",2
"3331",2
"3332",2
"3333",2
"3334",3
"3335",3
"3336",3
"3337",3
"3338",2
"3339",2
"3340",3
"3341",3
"3342",2
"3343",2
"3344",3
"3345",3
"3346",2
"3347",2
"3348",2
"3349",3
"3350",2
"3351",3
"3352",2
"3353",3
"3354",2
"3355",3
"3356",2
"3357",2
"3358",2
"3359",2
"3360",2
"3361",2
"3362",3
"3363",2
"3364",2
"3365",3
"3366",2
"3367",2
"3368",2
"3369",2
"3370",3
"3371",2
"3372",2
"3373",2
"3374",2
"3375",3
"3376",2
"3377",2
"3378",2
"3379",2
"3380",3
"3381",2
"3382",2
"3383",2
"3384",3
"3385",2
"3386",2
"3387",2
"3388",2
"3389",3
"3390",3
"3391",3
"3392",3
"3393",2
"3394",2
"3395",3
"3396",2
"3397",3
"3398",2
"3399",3
"3400",3
"3401",2
"3402",2
"3403",2
"3404",2
"3405",3
"3406",2
"3407",3
"3408",2
"3409",3
"3410",3
"3411",3
"3412",3
"3413",3
"3414",3
"3415",2
"3416",3
"3417",2
"3418",2
"3419",2
"3420",3
"3421",3
"3422",3
"3423",3
"3424",2
"3425",2
"3426",2
"3427",3
"3428",2
"3429",3
"3430",2
"3431",2
"3432",2
"3433",2
"3434",2
"3435",2
"3436",2
"3437",2
"3438",2
"3439",3
"3440",2
"3441",2
"3442",3
"3443",2
"3444",3
"3445",3
"3446",2
"3447",3
"3448",2
"3449",3
"3450",2
"3451",2
"3452",3
"3453",3
"3454",2
"3455",2
"3456",2
"3457",2
"3458",3
"3459",3
"3460",3
"3461",2
"3462",2
"3463",2
"3464",2
"3465",2
"3466",3
"3467",3
"3468",2
"3469",2
"3470",2
"3471",3
"3472",3
"3473",3
"3474",3
"3475",2
"3476",3
"3477",3
"3478",2
"3479",3
"3480",3
"3481",2
"3482",2
"3483",3
"3484",2
"3485",3
"3486",3
"3487",2
"3488",3
"3489",3
"3490",3
"3491",2
"3492",3
"3493",3
"3494",3
"3495",3
"3496",3
"3497",3
"3498",3
"3499",2
"3500",3
"3501",2
"3502",3
"3503",2
"3504",2
"3505",2
"3506",2
"3507",2
"3508",3
"3509",2
"3510",2
"3511",2
"3512",2
"3513",2
"3514",2
"3515",2
"3516",2
"3517",2
"3518",3
"3519",2
"3520",2
"3521",2
"3522",2
"3523",2
"3524",2
"3525",2
"3526",2
"3527",2
"3528",2
"3529",3
"3530",2
"3531",3
"3532",2
"3533",2
"3534",2
"3535",3
"3536",2
"3537",3
"3538",2
"3539",2
"3540",2
"3541",2
"3542",3
"3543",3
"3544",2
"3545",2
"3546",3
"3547",3
"3548",2
"3549",2
"3550",3
"3551",3
"3552",3
"3553",3
"3554",2
"3555",2
"3556",3
"3557",3
"3558",2
"3559",3
"3560",2
"3561",3
"3562",3
"3563",2
"3564",2
"3565",3
"3566",2
"3567",2
"3568",2
"3569",3
"3570",3
"3571",2
"3572",2
"3573",3
"3574",2
"3575",3
"3576",3
"3577",3
"3578",3
"3579",3
"3580",3
"3581",2
"3582",2
"3583",3
"3584",3
"3585",3
"3586",3
"3587",2
"3588",3
"3589",3
"3590",2
"3591",2
"3592",2
"3593",2
"3594",2
"3595",2
"3596",3
"3597",3
"3598",2
"3599",3
"3600",2
